source_definition,source_module,broad6_module,assignment_status,evidence_source,definition_version,notes
core10_canonical,Circadian rhythm,Circadian,frozen_canonical,fruitArchitecture v0.1 PHMIES definition; Paper 3 conserved organizational framework,broad6-v1.0,Core10 temporal-regulation pathway assigned directly to the Broad6 Circadian module.
core10_canonical,Plant hormone signal transduction,Hormone,frozen_canonical,fruitArchitecture v0.1 PHMIES definition; Paper 3 conserved organizational framework,broad6-v1.0,Core10 hormone-signaling pathway assigned directly to the Broad6 Hormone module.
core10_canonical,MAPK signaling,MAPK,frozen_canonical,fruitArchitecture v0.1 PHMIES definition; Paper 3 conserved organizational framework,broad6-v1.0,Core10 MAPK-signaling pathway assigned directly to the Broad6 MAPK module.
core10_canonical,Information exchange,Information Exchange,frozen_canonical,fruitArchitecture v0.1 PHMIES definition; Paper 3 conserved organizational framework,broad6-v1.0,"Core10 Information exchange umbrella retained for environmental sensing, defense, cellular communication, and information transfer."
core10_canonical,Protein processing in endoplasmic reticulum,Proteostasis,frozen_canonical,fruitArchitecture v0.1 PHMIES definition; Paper 3 conserved organizational framework,broad6-v1.0,Endoplasmic-reticulum protein processing is assigned to Proteostasis as a protein-folding and quality-control pathway.
core10_canonical,RNA transport,RNA regulation,frozen_canonical,fruitArchitecture v0.1 PHMIES definition; Paper 3 conserved organizational framework,broad6-v1.0,RNA transport is assigned to RNA regulation as a pathway controlling RNA localization and trafficking.
core10_canonical,RNA degradation,RNA regulation,frozen_canonical,fruitArchitecture v0.1 PHMIES definition; Paper 3 conserved organizational framework,broad6-v1.0,RNA degradation is assigned to RNA regulation as a pathway controlling RNA turnover and transcript stability.
core10_canonical,SNARE interactions,Proteostasis,frozen_canonical,fruitArchitecture v0.1 PHMIES definition; Paper 3 conserved organizational framework,broad6-v1.0,"SNARE-mediated vesicular trafficking is assigned to Proteostasis because it supports protein trafficking, compartmentalization, and cellular homeostasis."
core10_canonical,Autophagy,Proteostasis,frozen_canonical,fruitArchitecture v0.1 PHMIES definition; Paper 3 conserved organizational framework,broad6-v1.0,Autophagy is assigned to Proteostasis as a protein/organelle turnover and cellular quality-control pathway.
core10_canonical,Sulfur relay system,Proteostasis,frozen_canonical,fruitArchitecture v0.1 PHMIES definition; Paper 3 conserved organizational framework,broad6-v1.0,"The sulfur relay system is assigned to Proteostasis because it supports protein modification, cofactor maturation, and macromolecular homeostasis."
core10_alias,circadian rhythm,Circadian,frozen_alias,fruitArchitecture v0.1 PHMIES alias registry; normalized to frozen Broad6 v1,broad6-v1.0,Alias of 'Circadian rhythm'; inherits its frozen Broad6 assignment.
core10_alias,cr,Circadian,frozen_alias,fruitArchitecture v0.1 PHMIES alias registry; normalized to frozen Broad6 v1,broad6-v1.0,Alias of 'Circadian rhythm'; inherits its frozen Broad6 assignment.
core10_alias,plant hormone signal transduction,Hormone,frozen_alias,fruitArchitecture v0.1 PHMIES alias registry; normalized to frozen Broad6 v1,broad6-v1.0,Alias of 'Plant hormone signal transduction'; inherits its frozen Broad6 assignment.
core10_alias,plant hormone signaling,Hormone,frozen_alias,fruitArchitecture v0.1 PHMIES alias registry; normalized to frozen Broad6 v1,broad6-v1.0,Alias of 'Plant hormone signal transduction'; inherits its frozen Broad6 assignment.
core10_alias,hormone signaling,Hormone,frozen_alias,fruitArchitecture v0.1 PHMIES alias registry; normalized to frozen Broad6 v1,broad6-v1.0,Alias of 'Plant hormone signal transduction'; inherits its frozen Broad6 assignment.
core10_alias,phst,Hormone,frozen_alias,fruitArchitecture v0.1 PHMIES alias registry; normalized to frozen Broad6 v1,broad6-v1.0,Alias of 'Plant hormone signal transduction'; inherits its frozen Broad6 assignment.
core10_alias,mapk signaling,MAPK,frozen_alias,fruitArchitecture v0.1 PHMIES alias registry; normalized to frozen Broad6 v1,broad6-v1.0,Alias of 'MAPK signaling'; inherits its frozen Broad6 assignment.
core10_alias,mapk signalling,MAPK,frozen_alias,fruitArchitecture v0.1 PHMIES alias registry; normalized to frozen Broad6 v1,broad6-v1.0,Alias of 'MAPK signaling'; inherits its frozen Broad6 assignment.
core10_alias,mapk signaling pathway,MAPK,frozen_alias,fruitArchitecture v0.1 PHMIES alias registry; normalized to frozen Broad6 v1,broad6-v1.0,Alias of 'MAPK signaling'; inherits its frozen Broad6 assignment.
core10_alias,mapk,MAPK,frozen_alias,fruitArchitecture v0.1 PHMIES alias registry; normalized to frozen Broad6 v1,broad6-v1.0,Alias of 'MAPK signaling'; inherits its frozen Broad6 assignment.
core10_alias,information exchange,Information Exchange,frozen_alias,fruitArchitecture v0.1 PHMIES alias registry; normalized to frozen Broad6 v1,broad6-v1.0,Alias of 'Information exchange'; inherits its frozen Broad6 assignment.
core10_alias,plant-pathogen interaction,Information Exchange,frozen_alias,fruitArchitecture v0.1 PHMIES alias registry; normalized to frozen Broad6 v1,broad6-v1.0,Alias of 'Information exchange'; inherits its frozen Broad6 assignment.
core10_alias,plant pathogen interaction,Information Exchange,frozen_alias,fruitArchitecture v0.1 PHMIES alias registry; normalized to frozen Broad6 v1,broad6-v1.0,Alias of 'Information exchange'; inherits its frozen Broad6 assignment.
core10_alias,defense,Information Exchange,frozen_alias,fruitArchitecture v0.1 PHMIES alias registry; normalized to frozen Broad6 v1,broad6-v1.0,Alias of 'Information exchange'; inherits its frozen Broad6 assignment.
core10_alias,ppi,Information Exchange,frozen_alias,fruitArchitecture v0.1 PHMIES alias registry; normalized to frozen Broad6 v1,broad6-v1.0,Alias of 'Information exchange'; inherits its frozen Broad6 assignment.
core10_alias,protein processing in endoplasmic reticulum,Proteostasis,frozen_alias,fruitArchitecture v0.1 PHMIES alias registry; normalized to frozen Broad6 v1,broad6-v1.0,Alias of 'Protein processing in endoplasmic reticulum'; inherits its frozen Broad6 assignment.
core10_alias,protein processing in the endoplasmic reticulum,Proteostasis,frozen_alias,fruitArchitecture v0.1 PHMIES alias registry; normalized to frozen Broad6 v1,broad6-v1.0,Alias of 'Protein processing in endoplasmic reticulum'; inherits its frozen Broad6 assignment.
core10_alias,protein processing in er,Proteostasis,frozen_alias,fruitArchitecture v0.1 PHMIES alias registry; normalized to frozen Broad6 v1,broad6-v1.0,Alias of 'Protein processing in endoplasmic reticulum'; inherits its frozen Broad6 assignment.
core10_alias,pper,Proteostasis,frozen_alias,fruitArchitecture v0.1 PHMIES alias registry; normalized to frozen Broad6 v1,broad6-v1.0,Alias of 'Protein processing in endoplasmic reticulum'; inherits its frozen Broad6 assignment.
core10_alias,rna transport,RNA regulation,frozen_alias,fruitArchitecture v0.1 PHMIES alias registry; normalized to frozen Broad6 v1,broad6-v1.0,Alias of 'RNA transport'; inherits its frozen Broad6 assignment.
core10_alias,rna_t,RNA regulation,frozen_alias,fruitArchitecture v0.1 PHMIES alias registry; normalized to frozen Broad6 v1,broad6-v1.0,Alias of 'RNA transport'; inherits its frozen Broad6 assignment.
core10_alias,rna degradation,RNA regulation,frozen_alias,fruitArchitecture v0.1 PHMIES alias registry; normalized to frozen Broad6 v1,broad6-v1.0,Alias of 'RNA degradation'; inherits its frozen Broad6 assignment.
core10_alias,rna_d,RNA regulation,frozen_alias,fruitArchitecture v0.1 PHMIES alias registry; normalized to frozen Broad6 v1,broad6-v1.0,Alias of 'RNA degradation'; inherits its frozen Broad6 assignment.
core10_alias,snare interactions,Proteostasis,frozen_alias,fruitArchitecture v0.1 PHMIES alias registry; normalized to frozen Broad6 v1,broad6-v1.0,Alias of 'SNARE interactions'; inherits its frozen Broad6 assignment.
core10_alias,snare interactions in vesicular transport,Proteostasis,frozen_alias,fruitArchitecture v0.1 PHMIES alias registry; normalized to frozen Broad6 v1,broad6-v1.0,Alias of 'SNARE interactions'; inherits its frozen Broad6 assignment.
core10_alias,snare,Proteostasis,frozen_alias,fruitArchitecture v0.1 PHMIES alias registry; normalized to frozen Broad6 v1,broad6-v1.0,Alias of 'SNARE interactions'; inherits its frozen Broad6 assignment.
core10_alias,autophagy,Proteostasis,frozen_alias,fruitArchitecture v0.1 PHMIES alias registry; normalized to frozen Broad6 v1,broad6-v1.0,Alias of 'Autophagy'; inherits its frozen Broad6 assignment.
core10_alias,autophagy - other,Proteostasis,frozen_alias,fruitArchitecture v0.1 PHMIES alias registry; normalized to frozen Broad6 v1,broad6-v1.0,Alias of 'Autophagy'; inherits its frozen Broad6 assignment.
core10_alias,autophagy other,Proteostasis,frozen_alias,fruitArchitecture v0.1 PHMIES alias registry; normalized to frozen Broad6 v1,broad6-v1.0,Alias of 'Autophagy'; inherits its frozen Broad6 assignment.
core10_alias,sulfur relay system,Proteostasis,frozen_alias,fruitArchitecture v0.1 PHMIES alias registry; normalized to frozen Broad6 v1,broad6-v1.0,Alias of 'Sulfur relay system'; inherits its frozen Broad6 assignment.
core10_alias,srs,Proteostasis,frozen_alias,fruitArchitecture v0.1 PHMIES alias registry; normalized to frozen Broad6 v1,broad6-v1.0,Alias of 'Sulfur relay system'; inherits its frozen Broad6 assignment.
